Number of Clusters,Total Points,0
3.0,60000.0,0
Number of Processes,Total Time with Communication,Total Time without Communication
16,103.668,0.0473573
20,104.668,0.0483573
32,88.936,0.0470086
36,89.936,0.0470086
40,88.967,0.059098
64,88.5914,0.0504316
128,116.174,0.0775488
